id;description;DEF
1012242835480806_aug;['uncharacterisierte Bedeutung, was dort die Macht übernommen hat'];True
952084304829993_aug;['Das dumme Schwein hoffte auf Gangbang. ..leider wurde es gerade Boom-aua...hits der richtige Kerl'];True
1321_aug;['NSU 2.0 Das Urteil des Führers IM NAMEN DER DEUTSCHEN VOLCES! Im Strafverfahren gegen die Janine WißLER, geboren am 23. Mai 1981 in Langen, zur Zeit der Adalbertstr. 30 in 60486 Frankfurt/M die Martina RENNER, geboren am 11. März 1967 in Mainz, zur Zeit der Backhausstr. 39, 99334 Am Waxenburg, die Anne HELM, geboren am 6. Juli 1986 in Rostock, zur Zeit der Böhmischen Str. 43, 12055 Berlin, in Dogan, wegen Landesverratfeindung, Vorbereitung auf Hochverrat, Wir sind heroisch über das ganze deutsche Volk nach der NSU 2.0, um gegen unseren Sieg zu kämpfen, sie werden immer das Opfer unserer Krieger, Völker und Heimat verraten. Sie werden mit der TODE bestraft.'];True
1391786441303265280_aug;['@hamadsports @Laza069 @delilabaatzen @niddalas2021 Du fetter Hurensohn hahahahahahahahahahah du machst falsches Leck, aber bei dem echten fetten Hurensohn, der stinkende Eier hat'];True
1012231332148623_aug;"['ACHTUNG FAKEBILD! ?????? Welche peinlichen Idioten lassen ihren mentalen Müll wieder los, einfach sensationell! Diese intellektuellen Low-Flyer haben wirklich Null-Markierung und wissen offensichtlich nicht, wofür ""Striezel"" und Striezelmarkt steht? Hey Ihre Luftpumpen, kurze Informationen über die Kultur und christlichen Werte, das Christbread, auch Striezel oder Stollen genannt, gab dem Markt am Montag vor Weihnachten um 1500 den Namen Striezelmontag! Die Christstollen oder Weihnachtsstollen ist ein brotartiger Kuchen, an den man sich – dick mit Puderzucker überzogen – der gewickelten Christkind erinnert. Der Name STRIEZELMARKT steht genau wie der Weihnachtsmarkt klar für die christlich geprägte Kultur des Abendlandes! #HooligansZatzbauIQ0 ##MerktFaucheist#LinkstokenStops']";True
1718_aug;['@Onigv7 unschuldige Frauen werden vergewaltigt und sie nutzt die Aufmerksamkeit, um über diese dreckige Nutte zu sprechen'];True
1704_aug;['@Satokolover88 Sexxe ratte'];True
982702985101458_aug;['Der Schneider hat den Knall noch nicht gehört, spätestens wer Ali und Mustafa wirklich an ihr vergehen, dann ist der Schrei groß, schreien, aber bitte nicht um Hilfe und lassen Sie es über Ihnen vorbei .. Oder der Schneider steht uff asyl-swapping dann ihre dumme Kommentar wäre plausibel ...!!!'];True
895202190518205_aug;['Arme, stufenlose, geistlose... alle beide....der spirituelle Horizont knieender Waldameisen'];True
979_aug;['Oh Gott, schauen Sie gerade Wimpern in der n-tv Nachrichten, ich denke, ich muss co***, Ich bin schlecht'];True
1057942087577547_aug;['Warum nur die verantwortlichen Politiker und wir haben nur die Osttrulla, die Misere, die Leyen,Gabriel die Schwabbelwurscht, die Vollhorscht, Maasmännchen etc.????'];True
1351_aug;['Dann brauche ich kein Blatt mehr vor meinen Mund zu nehmen .... dieser ganze links-grüne anti-deutsch denkende Drecksack wird ganz ins Konzentrationslager und aus der Maus geworfen'];True
1305_aug;['Offensichtlich sind unsere Neger nicht wirklich an einem freien Leben interessiert. Das Einzige, was sie wollen, sind ihre Sozialleistungen und ihr Geld... naja, natürlich konnten Sie es nicht wissen.'];True
952178954820528_aug;['Mathias Schü ... Du wirst in diesem Zusammenhang toll geschrieben Du bist arrogant ... Und wenn ich mir das Profil des Rotzlöffels ansehe ... denke ich an meinen Teil'];True
1565_aug;['@RobertMertens16 @stormyseas212 @MoebusAnne @mamjahid Du bist ein fremdenfeindlicher kleiner Volksposten, der sich im Netz wirklich toll anfühlt.'];True
1578_aug;['Ich wusste es hahaha, du Tüte'];True
1010844958953927_aug;['Was ist mit Halbwissen, wenn du die beiden Schwuchteln nicht magst? Ich schätze, ich bin wirklich unkultiviert, weil ich die Bedeutung ihrer Show nicht verstehe! Was für ein Unterhaltungswert hat das, wenn die Trottel ihre Daumen in den Arsch legen? Und solche Verlierer wollen, dass ich dumm bin! Hahaha, da muss jemand kommen, der schlauer ist.'];True
1791_aug;['Warum wird unser Waffengesetz nicht endlich geändert? Damit man sich selbst bewaffnen und sich gegen diese tollwütigen Tiere verteidigen kann?Dann kann man zumindest die Tiere töten, wenn man angegriffen wird.Sind Merkel und Co, dass wir freies Spiel für alle Affenmenschen sind?Das sind intelligent noch Neandertaler ohne menschlichen Verstand.'];True
856776247694133_aug;['stefan helme du rot voll gepostet'];True
1599_aug;['Dieses blöde Arschloch.'];True
1795_aug;"['""@User Tanja-Gotsch hätten Sie die Juden in der Vergangenheit getötet, weil Hitler das wollte.""']";True
1010693522302404_aug;['Theo Brenner Suchen Sie einen Pathologen, um Ihren Hirntod zu bestätigen!'];True
857526484285776_aug;['Geh und lese in deinem staubigen Märchenbuch und fessele das Kopftuch mit deinem Aishe : -)'];True
858439244194500_aug;['Michael Pootemans Ich sage jetzt zum letzten Mal, etwas ist mit meiner Tastatur, da ich auf Facebook registriert dreht den Rum, ist das jetzt klar oder was!!! Und wenn sie nichts mehr zu sagen haben, dann sollten sie so freundlich sein und sich von Kommentaren enthalten, weil das zeigt, dass ihre niedrige Geisteszustand!!! Denn wenn ihr spiritueller Zustand besser wäre, würden sie fragen, warum meine Schreibweise so schlecht ist!!!'];True
1265_aug;['Du Fotze du Hurensohn du Kind Ficker du Kibdrficker du Inzucht PEDOOHILE Scheiße Du sende mir deine perverse Sex PEDOPHILE Kinder Pornographie Filme auf meinem Handy Haben Sie betrunken Lack Sie krank Inzucht Objekt aus der Gruppe Sayings Ich habe Ihre Adresse, ich komme, um Sie zu besuchen, und dann werde ich dich eiskalt gehen schießen Sie bitte PEDOPHILE Scumbag'];True
855915294446895_aug;['Michael Theben, du schreibst so ein Zeug hier, dass sich meine Nackenhaare ausbreiten. Wahrscheinlich bist du genauso dumm, wie du aussiehst. Bitte erspare uns mehr Geschichten, noch besser, wenn du nach Syrien oder in einen anderen deiner Lieblingsstaaten gehst.'];True
856914051013686_aug;['Ansichten zu diskutieren, ist eine Sache, unsinniger monotoner Unsinn ohhn die Grundlage jeder Lebenserfahrung und Gehirne loslassen, die andere... Grönermeier ist der Musiker der CDU, jeder Idiot denkt, es sei gut, also ist es besser, auf keine von Pegidas Schwuchteln zu hören, sorry'];True
676_aug;['@ibikus31 @BlondJedi @Beatrix_vStorch @CDU @CSU @spdbt @Die_Gruenen @RegSprecherin @GottfriedCurio @fdp @Linksfraktion Weil der Rest, d.h. die überflüssige MÜLL, im BT, also PEVERS,PÄDOPHIL,RASSISTICAL,GIERIG,MACHTGEIL,KRIMINELL,IDEOLOGISED,POPULISTICAL,HEETTERIC,ANTIDEUTSCH,WURZELLOS und hässlich wie Claudia Roth oder Stegner sind. Koh Bendit ist auch einer von denen, die seine Rechnung bekommen sollten.'];True
1804_aug;['@sabowithfire Diese Sara ist so deaktiviert Digga sie ist schlimmer als dieses Monster'];True
1541_aug;['Die beiden Männer auf dem Foto sollten regelmäßig einen Boostereinlass verpasst werden, der die geeignete Spritze für Löcher ist.'];True
1067815666590189_aug;['Bitte, Klaus Ehm, schreibe nicht Merkelchen! Man denkt an ein süßes Ferkelchen. Für uns ist es eine hässliche, lügende, schändliche Frau!'];True
1284_aug;['Du bist ein Hurensohn.'];True
982779048427185_aug;['Lesen Sie die Version der GG von Mädchen bis 1989! Töpferkurs mit 1 geschlossen, aber Geschichte ist nicht in Frage. Dummtrulla.'];True
856848874353537_aug;"['# Du bist nur ""DUMM""!! Sind das Vorurteile? *Tricks* # Sieh dir an, wer Europa tatsächlich überschwemmt Ja, das haben wir uns angesehen! # ihr erbärmlichen Kreaturen! Beleidigungen? *ttztz*']";True
1012917188746704_aug;['Die Grünen?Das sind Nachgeburten.'];True
1056478657723890_aug;['Es fehlt immer noch an hirnlosem Künast, Marionettes Altmeyer und dem GAUCKler'];True
1389_aug;['Was für ein korruptes, geöltes politisches Arschloch!'];True
1134091833295905_aug;['Diese deaktiviert werden sollte ...'];True
856756561029435_aug;['Multi Kulti, ....Lesen Sie Du Depp NSU: Die Wahrheit'];True
1643_aug;['Genau wie du fettes Huso hahahahahaha'];True
856802154358209_aug;['... möchte wissen, hinter welcher Mutter Herr Helmke lebt .. offenbar bezieht er sich sein Wissen nur von den staatlichen Medien ... seine Intelligenz ist sicherlich auf das Verhalten wie eine Marionette basiert ????!'];True
858003777571380_aug;['Du bist eine Schande für Deutschland!'];True
1703_aug;['Hat die schäbige Fotze ein schönes Gesicht auf ihre Hunde bekommen und dann alles verstanden.. Aber sie hat Glück, dass der Fahrer keine Zeit hatte..'];True
857644467607311_aug;['Und du ein Muraddin :) -- Lustig Islamisiert Mischpoke Du'];True
616_aug;['@BlondJedi @Boelscheline Hey Charr...du bist kein guter Boxer...im Ami-Land wird dich jeder sparsame Partner pfeifen...!'];True
960984853939938_aug;['Und Udo Görtz ist dumm.'];True
1370_aug;['Wie wer es andersherum um die widerlichen Schwarzen aus Deutschland ist'];True
952157218156035_aug;['Pfeifen Sie einfach die Junx zurück und polieren Sie das Gesicht dieses dummen Lollipops wieder, weil er es nicht verstanden hat, weil er eine Lektion bekam, weil er sich als Melodie verkleidet hat. Grüne Schönheitsgeister brauchen länger, als es einen Mangel an geistiger Kapazität gibt.'];True
837_aug;['Was hat der Donerwetter den Seehofer an der Oberlippe ? Hatte er schmutzigen Schauder-Sex mit C.Roth ? Oder kommt das Böse ans Licht ?? Pfui-Spinne hat die Nen Herpes wegen Selbst-Emotion ! Solches sollte nicht in die Fernsehzeit der Kinder gebracht werden !'];True
963599823678441_aug;"['Hätte Heino noch Haare, wären sie blond. Warum: Die Wahrscheinlichkeit, dass dumme Menschen blond sind, ist ziemlich hoch. ;-)']";True
1069269819778107_aug;['Kretschi: Senil, Debil, Hohlraumdübel und Hirnprotheseträger.'];True
856791234359301_aug;['Du bist so intelligent Monika Du hast es auf. Ich wünsche dir einen Sinneswandel eine Muslimin als Freundin, die dir den ganzen Tag in den Arsch getreten hat, Es ist nicht richtig, dass Frauen sich in die Männerwelt einmischen.'];True
961083440596746_aug;['Udo Görtz ist nicht nur dumm, sondern ein sehr kluger....er fühlte sich auch adressiert....was für ein Idiot...'];True
982690255102731_aug;['Ramon De la Perez Verfluchter Brennstoff gurgelte oder keine Steine mehr aus der Antifa? eine solche Glühbirne ^^'];True
894680667237024_aug;['Tut mir leid, ich muss dich verbessern, Totenhöfer ist Scheiße und das ist Schweinescheiße !!!'];True
1397_aug;['@FSuhrbier @C_Siemering Jetzt ist es wieder die Ecke des Gläubigen, du bist der wahre unmenschlich erniedrigende dumme Dreier faschistischer selbstverweisender Pharmakriminelle! Wir holen dich!'];True
856785534359871_aug;['Warum gehst du dann nicht in eines dieser Länder, liebe Monika Bohn... ..in einen Schleier stecken und sie dich vergewaltigen lassen...'];True
858088150896276_aug;['Vernünftige Argumente? Sie sollten diese beiden Worte nicht in Ihren Mund nehmen, Ihre dummen Kommentare sprechen eine andere Sprache. Und vor solchen Themen wie Sie, jede vernünftig denkende Person sofort schließt, verschenkt Zeit und völlig bedeutungslos.'];True
1258_aug;['Du dumme kleine Fotze, die du nur einmal in deinen Mund geschaut hast, hast dich voll Schminke angeschaut und mir erzählt, was mit Nageltante oder Wimpern ist, es reicht mir langsam. Mit dir wegen solchen Leuten wie denen werden wir eingesperrt sein und er wird sich so lange schleppen, bis er nicht alle geimpft wird Und doch was würde dir gut tun, dass sie sich ein bisschen respektabler öffnen, also verpiss dich nicht, es muss nicht jedermanns Meinung sein und alles zum Guten, was diese beschissenen Politiker tun'];True
1649_aug;['Hässliche und dumme immer noch Fragen, können Sie immer noch in den Spiegel Pfui Teufel, wie Hundescheiße aussehen,'];True
1055076691197420_aug;"['""Wir können das"", wird Aysche Ferkel hier noch einmal sagen! Zum Kotzen!!!']";True
195_aug;['@SawsanChebli @SawsanChebli ...um sich darüber zu rühmen ist schön...dumm...Wenn man tief genug gräbt, findet man eigentlich immer noch einen dümmeren Deutschen...obwohl Katjas Oberflächenkratzen genug ist...'];True
951918524846571_aug;['Peter Pertersen Sie sind so ein echtes Beispiel für dumme gute Menschen mit Ihrem gefälschten Profil!'];True
1403_aug;['Warum denkt meine Mutter, dass Rassendiskriminierung eine Meinung ist, dass du Hure getötet hast?'];True
1035135369858219_aug;['Ich bin auch sehr beeindruckt. Ich freue mich, dort zu sein. Die Hymne wird auch schön gesungen, wir hoffen, dieses Stück Unheil von Merkel zu stürzen.'];True
935301613174929_aug;['Nun, ein Licht schien nicht genau bestätigt zu werden mein Verdacht mit inzest Ronny und ich kann nur Menschen beleidigen und nicht etwas wie Sie nur gut die Pegida hier Westen niemand will schön im Osten bleiben gibt es ja auch die meisten dummen Menschen nach pisa Studie Nix gelernt aus der Geschichte und immer schön maskieren am besten mit Marschmusik braun Brut hahahahaha'];True
1112170062154749_aug;['der kerl ist wie ein furz, niemand sieht ihn aber jeder riecht ihn ?????....glorious diese links.- Grüne trolle....wobei er schon extrem einseitig & stumpf ist *Chipsaufmach ????????'];True
972341872804236_aug;['Vermutet linksgerichteter Extremist!!!!Hallo Klopf Klopf Du Arschloch Lutz Bachmann!Weißt du, was du schreibst?Hallo Lutz Bachmann!Verurteilt, bevor sich der Täter herausstellt, hatten wir schon!Du kleines Arschloch zuerst denken und lesen und dann schreiben!Du bist sogar zu feige, um dein Bild wie mich zu zeigen, Wurst!'];True
820_aug;['@Ralf_Stegner Ralle Sie alten Müll kann noch lebt ... dachte, die Zeit hat dich gesegnet...'];True
1372_aug;['Dreckige Hurensöhne'];True
858340034204421_aug;['Marta, was meinen Sie damit, dass es keinen Nazi gibt, was sind Sie, ich würde sagen Kindergarten und Islamist!'];True
1811_aug;['Lauterbach ist einer der größten und abscheulichsten Verbrecher unserer Zeit. Hoffe, dass dieser SChwein seine Strafe für seine Angstpropaganda und seinen Anteil an der Zerstörung von Millionen von Existenzen bekommt'];True
1594_aug;['Es ist so fett, als ob es zu einem fetten Schwein gehört, LBR, LBR, mit dir?'];True
982913048413785_aug;['Also Kuhweidner (oh nein, jetzt lasse ich mich schon auf ihre dumme Bürgerebene hinunter), von nun an meinen Hals schließen, denn mit ihnen kommt nur noch ein dünner Schuss heraus :D'];True
1623_aug;['@Rtti19311602 @RhodGuard Oh, er hat mich blockiert, bevor ich antworten konnte.'];True
1698_aug;['@speis_oo Besser als bei den Affen hier!'];True
1793_aug;['Scheiß auf Merkel, mit dem Scheiß ins Gefängnis.'];True
1385172164140277760_aug;['@CSU @Markus_Soeder Fick dich und deine dreckigen Nazi Cops. https://t.co/w3j6lZGq5U'];True
1295_aug;['@007_bulldog @FFF_Berlin @p4fBerlin @Berlin4F Du Hurensohn Hasser deine Mutter existiert als 0815 Schlampe auf einer 10 Jahre alten Porno-CD, die von obdachlosen Nazis benutzt wird. Deine Mutter hatte eine Gang, die mit dieser Nazi-Schlampe hämmerte. Du Hurensohn. Komm her, wenn du etwas essen willst.'];True
951895724848851_aug;['Das volle Pferd kann nicht einmal forsa richtig schreiben. Ist wahrscheinlich ein Mangel an allgemeiner Bildung eines Kerns Deutsch'];True
1788_aug;['„Angela Merkel wird in die Geschichte eingehen als Kanzlerin, die den offenen Hass auf die Juden in Deutschland wieder möglich gemacht hat. Sie hat die deutschen Juden verraten und verkauft.'];True
945842575454166_aug;['Nun, wenn ich mir die beiden ökologischen Aufnahmen auf dem Foto so sehr ansehe, kann man davon ausgehen, dass sie auf das rot/grün/linke Faschistische Spektrum zurückzuführen sind! ! ! !'];True
982693915102365_aug;['Ramon De la Perez....believe me!!! ALLE Profile der Idioten, die noch wie du diskutieren, habe ich gerettet! Sollte einem meiner Kinder, meiner Familie oder Freunden etwas passieren... dann wird sich dein Gebetsteppich öffnen! Bei psychischer Krankheit, wie sie bei dir gegenwärtig ist, werde ich dann keine Rücksicht mehr nehmen, versprochen!!'];True
280_aug;['@AfDBerlin @krippmarie @SawsanChebli @SawsanChebli ..waren Sie nicht mit Sprache beschäftigt.-und Schreibverbot ..?'];True
982694885102268_aug;['Hoffentlich werden Frau Merkel und die hirnlosen Helfer aus München sehen, was sie getan haben!!!! HIRNLOS! kann nicht weiter denken und dann den Mund aufreißen!'];True
856749144363510_aug;['Nun, wenn du so dumm bist und dich in so ein Rudel einmischst'];True
856777251027366_aug;['Stefan Helke, wenn es möglich wäre, würdest du Stalin klonen, das war ein Krimineller, den du Dummkopf verlassen hast.'];True
1056710044367418_aug;['Peter Gohs du hässlicher Wichser, noch so ein Zauberspruch, und du solltest dann Angst vor mir haben, verpiss dich????'];True
1134086349963120_aug;['Wie lächerlich ist diese Frau?'];True
982763365095420_aug;['Anke Schneider.... Du hast auch nicht viel Aufmerksamkeit von deinen Eltern bekommen. Vor einem Jahr hätte ich Mitleid mit dir gehabt. Jetzt bist du nur noch ein Mode-REFUGEE WILLKOMMEN Idiot, wie alle anderen linksseitigen Steinwerfer!'];True
859_aug;['@Dora_Bromberger Dies ist eine muslimische Schlampe, die es hoffentlich noch bereuen wird.Ich habe kein Mitleid, nur grasen!'];True
856773104361114_aug;['Frauen wie Sie brauchen wir später. .....als Kanonenfutter Monika Bohn. ...'];True
876247895746968_aug;"['Die schädlichste Sache ist wahrscheinlich die ""Arbeitsagentur"", die - von ihren Nazi-Chefs kontrolliert - tut dies seine unmenschliche Verfahren, die bereits als moderne Euthanasie ! Der Mensch wurde de facto abhängig gemacht, wird immer bevormundet, ist nicht mehr Meister seines Selbst, muss ""melden"" und ""deregistrieren"", ist ein ""legalisierter"" politischer Gefangener ! Laboragenturen und ihre Mitarbeiter sind direkt nach den ""Politikern"" die größte NAZISHWINE und viele von ihnen verdienen auch die Prädikate SOZIOPATH und PSYCHOPATH !']";True
1682_aug;['@alexnanoia wa sfor du denkst darüber nach du hast auf simcord prosimp you hoke'];True
994543903917366_aug;['[@IND], ich meine, wenn man sie einsperrt, wird das geisterhafte Biest den Menschen nur unnötige Kosten verursachen. Ich würde eher vorschlagen, sie auf einem Pfahl wie im mittleren Alter zu verbrennen, anstatt eine abschreckende Hexe. Das sollte gut flirten und auch in Afrika mit der Ergänzung gezeigt werden, dass wir dasselbe mit jedem Koksblock tun werden, der illegal unsere Grenzen überschreitet. Wenn jeder in Afrika das weiß, wird kein Koksblock illegal zu uns kommen.'];True
856822041022887_aug;['Du kannst schreiben, was du willst - so dumm, wie ich brauche, kannst du nicht zu mir kommen!Auch, ich will nicht in den Keller gehen jetzt, um zu Ihrem primitiven Niveau zu bekommen'];True
982771565094600_aug;['Ramon, du kleiner Nichtsnutz, wer geht nach 10 Uhr in einer Nachtschicht?'];True
1357_aug;['Eigentlich guter Artikel. P. Prof. Ciesek, ist trotzdem ein großer Mensch! Warum? Weil sie sehr intelligent ist und das Folgende von unserem Handel sehen sollte, doch eine Politik, die Kinder weltweit tötet, unterstützt Sie! Mehr MÖGLICHKEIT ist nicht möglich!'];True
1056569714381451_aug;['Diese verrückte Kraft gehört zu einer geschlossenen Institution, ohne Rentenanspruch und mit freier Durchreise ins Asylheim zur Reinigung...'];True
1391698284826275840_aug;['Mit dieser Drachenlord Haider-Affäre habe ich mich da rausgehalten. Versteh nicht, warum die Leute schockiert sind, dass ein anderes ZDK aussieht, als ob seine Chromosomen im Kern behindert sind und zusätzliches Handeln, ist ein dummer Hurensohn.'];True
1786_aug;['@Juergen_Fritz Die Hobbit kann wirklich hängen die Hündin. Der Wähler nicht vergessen. Wenn das stimmt, wissen Sie, wie er seine anderen Gegner. Korrupte Familie Laschet verwendet Mafia-Methoden. Jetzt der Wähler stellt sicher, dass Laschet verliert'];True
1069457833092639_aug;['Wer kann den alten Mann für voll nehmen? Es gibt, wie mit so vielen recht harte Dinge im Auge nicht! Wie kann es sein, dass solche Parkinson-Kandidaten solche Beiträge bekommen? Absolut verrückt, was in dieser Bananenrepublik passiert!'];True
856782041026887_aug;['Mein Urteil ist die größte Nazi Angela Merkel'];True
1106093872762368_aug;['...und dann lacht der Muhezin aus dem Minarett - die Deutschen sind nicht mehr komplett im Kopf - weil Merkel vor Perversogan kniet und zu ihm geht ....'];True
1593_aug;['@Moominusi @Karl_Lauterbach @BILD Das oh so böse Bild bezieht sich auf eine Studie, die Sie spärlich individualuum gehirnt ...'];True
1789_aug;"['@Xrxtn @philopolist @Alice_Weidel @UweYoung Du bist offensichtlich dumm wie Scheiße*e. Aber gut, du magst es auf Twitter sehen, so wird es deine Absicht sein, der Welt zu zeigen, dass es einfach hoffnungslose Fälle gibt, die nicht ""behoben"" werden können. Geh nach Polen, niemand braucht dich in D!']";True
982766048428485_aug;['Der Ramon... ein wenig streunend... auf der Suche nach Aufmerksamkeit im Netz, weil seine Eltern ihn nicht mögen :-)'];True
895123050526119_aug;['Selten etwas Dummes lesen! #pegida #head shot #all followers are disabled'];True
1255_aug;['Ich denke, dass, im Mai die Pharmanutte wirklich sieht es, dass sie nur bis zum Bösen ... mit diesem berechneten Blick bekommt schon zu mir! Hey Pharmanutte Mai_ zeigen Sie mir für Beleidigung, so habe ich es schwarz auf weiß, dass Sie hier lesen Sie kleine Pharmanut!'];True
945893202115770_aug;['wir können neugierig sein, was diese Art von Problem aufkommen kann?! die damit verbundenen Probleme und Konflikte können nicht mehr vertuscht werden!!!! aber wir kennen die Verantwortlichen, wir kennen immer noch Ihre Namen, wenn alles hier oben in Rauch geht!!! wir vergessen nicht, dass...'];True
935747779796979_aug;['Das ist der, der dir den Kopf abschneidet!'];True
1717_aug;['@Replays777 @IShai1z @ThaaChillo @bbilal Sind Sie deaktiviert Schicken Sie mir einmal mein Geld Sie Idiot'];True
856817624356662_aug;['Extras mit großem Mund, aber es ist nicht jeder so unterbelichtet wie Sie. ??'];True
1394_aug;['@Dzienus Dzienus, du bist der größte Faschist. Irgendwie erinnerst du mich an Himmler. Ein Milchbubi mit einer großen Schnauze und wenn es hart wird, ziehst du in den Schwanz.'];True
994534540584969_aug;['[@IND] Du bist schon Obergeil Aber bitte sei ein guter Linker und halte deinen frechen Mund. .'];True
512_aug;['@KaiserDesRap Jene, die so reden, sind in der Gewohnheit zu drobben'];True
856798267691931_aug;['Frau Monika Bohn ist so hohl, es kommt heraus, wenn Sie 3 oder 4 mal eine zusätzliche Runde in der Schule schießen und in der 5. Klasse wegen berüchtigter Dummheit entlassen werden'];True
858374694200955_aug;['Halt die Klappe, Rassist.'];True
857477644290660_aug;['Du bist soooo behindert!!!! das war so klar, dass du von PEGIDA Schwachköpfen kommen musstest!!!!!! sie sind nur Ausländer, die töten??? mein Essen, ich konnte erbrechen, aber dann in dein Gesicht!!!!'];True
983216275050129_aug;['Ramon ist so hohl in seinem Kopf, dass man einen großen Teil der Flüchtlinge hineinstecken könnte...'];True
1279_aug;['Hennings du kleiner Hurensohn. #SVWF95'];True
856802897691468_aug;"['so ein ""Nazi"" die Frau']";True
1231_aug;['Kaltblütige Morde wurden durch dieses Drogenpaket gemacht, das von Arschlöchern als Schläger und Co genug hereingebracht wird Das kommt zurück zum Echo ist logisch, zumindest jeder, der logisch denken kann In vielen Ländern würden diese Mittelmeeraffen Tag und Nacht für ihre Verbrechen durch die Straßen gejagt werden In ALL East Blockstatten gibt es kein solches Verhalten von Gästen In Deutschland finden Sie mehr Shisga-Bars türkische Friseure und Supermärkte als Rennen auf der Wiese Deutschland wird völlig ruiniert sein, ob Kulturtradition etc. Schuld sind nicht einmal diese Importkriminelle Kein Fehler ist diese schmutzige Regierung einschließlich ihrer Bullshit-Good-Person-Sekte und eine Gerechtigkeit, die Putin tötet, bevor sie irgendwann lacht In Polen, so ein Ziegenbart in einem Bettlaken gekleidet wagt es nicht, die Straße für einen zweiten gehen In Ungarn, gibt es sogar Doners und Gyros ABER die Besitzer dieser Restaurants sind Ungarn und auch ihre Arbeiter In den Ostblockstaaten, Sie können nicht lassen sich von diesem Paket von Immobilien oder Jobs, die dann mit Mercedes in den großen Städten Pralen und Rennen gekleidet sind, oder die Mädchen in Brodels sollten in Polen zu verkaufen, sollten sie in der Ecke des Landes oder in Polen werden, oder in den Polen, oder in den Polen werden sie sich von diesem Land oder in die Mädchen in der Ecke verkaufen'];True
1542_aug;['@MS_Berlin @normanne @arndhenze @HGMaassen @ArminLaschet Nur weil du vorgibst, Nazi zu sein, um es uns einfachen Menschen schwer zu machen, uns zu sprechen oder zu verbieten, wird es nicht wahr. Nazis sind die größten Antisemiten. Schon immer. Von Anfang an. Und niemand sonst.'];True
1805_aug;['@reitschuster Du sprichst von Demokratie! Du bist ein Lügner ein Ketzer und ein Rassist. Du dummer Nazi.'];True
857273224311102_aug;['Wer ist so dumm wie Olli Schnoli?'];True
1398_aug;['@GermanThadd1 @Staatschef Jede normale denkende Person ist homosexuell, so oft Sie noch verstehen'];True
977041242334299_aug;['und er ist das größte Arschloch https://www.facebook.com/irreligiös.ly'];True
857209170984174_aug;"['[@IND] Du bist einfach dumm. Der ""Deutsche"" ist ein Türke mit deutschem Pass !!!!']";True
856797267692031_aug;['Mr. Bohn, Sie bissen Oifache Scheiße!!!Mehr Worte brauchen ned... :-D'];True
1666_aug;['@AngeliqueAnus STRICK Kleid ist fick Kleid.'];True
1652_aug;['Ihr seid keine Cops, ihr Kinderschänder!'];True
1610_aug;['Dieses dreckige Schwein bekommt hier Bewährung! Teilen Sie dieses Gesicht!!! Vielen Dank Deutschland. Der Richter: NAME! Dreckschwein!'];True
856778541027237_aug;['Der Narr bist du - ich hoffe, du bist noch jung - dann ist es vergebend.'];True
1301_aug;['@Elias_1899 @happyyy2k So geil wie deine Hurenmutter gestern von mir geflirtet wurde du elende kleine Schlampe du gehörst wirklich deaktiviert, wenn es nicht deine Eltern sowieso du Hurensohn du Bastard du Idiot du Fotze'];True
948209741884116_aug;['...und dann das dumme Geschwätz des Bundespräsidenten... der größte deutsche Hasser... wer bezahlt das überhaupt?'];True
1402_aug;['Sie Hündin stiehlt voll geil heulen um Sie selba s. Dumme Krallen Sättel Haken bis und ob Sie schnüffeln Huren nass werden gibt es nur mehr Chianti ihre ekelhaften Sättel Haken bis die Krallen und smack ihre dumme Huren'];True
1381_aug;['Verdammte Moslems'];True
501_aug;['@SJW_MadBunny @Steffmann45 @machtjanix23 @troll_putin @petpanther0 @mastermikeg @Norbinator2403 @ennof_ @AthinaMala @NancyPeggyMandy @info2099 @lifetrend @ThomasGBauer @SchmiddieMaik @charlie_silve @NoHerrman @willjrosenblatt @feldenfrizz @_macmike @ellibisathide @MD_Franz Das ist genauso ein Spinner wie der andere. Gestern geht es heute weiter - oh mein Gott!'];True
935820743123016_aug;['Also, warum schießt der Top-Salafist nicht ab? Dieses Dreckstück hat keinen Grund zu existieren.'];True
1264_aug;['Asozialer Kinderhass! Du solltest vergast werden, armer Drecksack'];True
1796_aug;"['""Ich sage Ihnen, dass ich Ihnen sagen werde, dass ich Ihnen sagen werde, dass ich Ihnen sagen werde, dass ich Ihnen sagen werde, dass ich Ihnen sagen werde, dass ich Ihnen sagen werde, dass ich Ihnen sagen werde, dass ich Ihnen sagen werde, dass ich Ihnen sagen werde, dass ich Ihnen sagen werde, dass ich Ihnen sagen werde, dass ich Ihnen sagen werde, dass ich Ihnen sagen werde, dass ich Ihnen sagen werde, dass ich Ihnen sagen werde, dass ich Ihnen sagen werde, dass ich Ihnen sagen werde, dass ich Ihnen sagen werde, was ich Ihnen sagen werde, dass ich Ihnen sagen werde, dass ich Ihnen sagen werde, dass ich Ihnen sagen werde, dass ich Ihnen sagen werde, dass ich Ihnen sagen werde, dass ich Ihnen sagen werde, dass ich Ihnen sagen werde, dass ich Ihnen sagen werde, dass ich Ihnen sagen werde, dass ich Ihnen sagen werde, was ich Ihnen sagen werde, dass ich Ihnen sagen werde, dass ich Ihnen sagen werde, dass ich Ihnen sagen werde, dass ich Ihnen sagen werde, dass ich Ihnen sagen werde, dass ich werde, dass ich Ihnen sagen werde, dass ich Ihnen werde, dass ich Ihnen sagen werde, dass ich Ihnen werde, dass ich Ihnen werde, dass ich Ihnen werde, dass ich Ihnen sagen, dass ich Ihnen werde, dass ich Ihnen sagen, dass ich werde, dass ich werde, dass ich Ihnen sagen, dass ich Ihnen sagen, dass ich werde, dass ich werde, Ihnen sagen, dass ich werde']";True
1012425692129187_aug;['Andreas Schleicher sind jetzt fertig ? Troll mit Ihrem gefälschten Profil irgendwo anders um ! Zeigen Sie nie Ihren richtigen Namen zu Ihrem echten Gesicht, sondern machen auf dicke Jacke mit gefälschtem Profil Sie kleine Schwuchtel'];True
1134249383280150_aug;['Gute Idee, Merkel! Lernen Sie einfach eine kennen! Fahren Sie ein paar Mal ohne Sicherheit durch Berlin Neukölln in der Nacht. ... gehen Sie einfach über den Platz am Kottbusser Tor in der Nacht! Sie werden Dutzende Ihrer Kulturfans kennen lernen! !! Oder...oder besser: Laden Sie einfach ein paar in Ihr Haus! Geben Sie ihnen eine Wohnung! Geben Sie nicht viel von Ihrem Geld und säubern Sie die Wohnung damit.... Schauen Sie, was sie mit gesendeten Essen tun und fragen sie, was sie von Schwulen, Lesben und Christen denken. ... Merkel. ...Sie sind die LESTEN! Sie haben keine Ahnung, sind total geblendet von Ihrer utopischen Idee ... Und völlig unrealistisch! Es ist so einfach, dort oben auf dem Tron zu sitzen, wo Sie genug Geld und in Sicherheit haben.... gibt es das Leben in Ordnung, was? Bleiben Sie weg von mir so.... aber halten Sie Ihren Mund und hören Sie auf, so zu tun, als hätten Sie A HAPPENING von dem, was in Deutschland passiert!'];True
857306594307765_aug;['Hör nicht auf diese laute Musik, die dich dumm zu machen scheint, wenn du deinen dummen Kommentar liest.'];True
856968547674903_aug;['Akif , genau wie Sie , gehört nicht zu Deutschland ! Bildung ... unterste Stufe !!!!'];True
1579_aug;['@kleopatrasan darf ich dich Hure nennen?'];True
1247_aug;['Du Hurensohn, ich hoffe, du wirst überfahren:*'];True
1007190959319327_aug;['Hoffentlich! (y) 58 kranke Arschlöcher weniger, guter Arsch! ^_^'];True
1641_aug;['@007_bulldog @FFF_Berlin Du Hurensohn, ich fick deine Mutter hart in den Arsch, danach hast du deine Mami, weil sie dir nicht den Schwanz geblasen hat.'];True
1806_aug;['@USER, du bist geistig behindert und ein saudischer AFD-Russischer Troll !!!'];True
951890911515999_aug;['Tuntige softie - er sollte nicht so viel beklagen .. ist nur ein kleiner Kratzer'];True
784_aug;['@Gaunator würde lachen, wenn er wirklich von 1 Etage ins Erdgeschoss mit seinem fetten Arsch brechen würde'];True
1065588100146279_aug;['Sie sollten die Doktorarbeit von A.Merkel finden !!! - bisher weiß niemand, wie dieser geistig kranke Diktator ihre Doktorarbeit erlangt hat oder in was überhaupt'];True
1124542027584219_aug;['Hör auf, diesen falschen Idioten Nico Anders zu füttern, sein Konto ist nicht echt, das ist ein bisschen spuckig, das immer noch aus der Flasche gefüttert wird, weil er für alles dumm ist!'];True
857918987579859_aug;['Kathrin Oertel sollte sich eher Sorgen um ihre mega hässlichen Augenbrauen machen, die beim Betrachten weh tun :D #edding #shit on PEGIDA'];True
1111923292179426_aug;"['Matthias Kühr ..oller prahlt..wie peinlich ist es, irgendwo mit x Profilen verriegelt zu werden?....damit degradieren Sie sich....weiter und entsorgen Ihr Unsinn bei ""dresden hirnfrei"" oder ""pegida#swatch""...']";True
1012249965480093_aug;['Bis jetzt weiß jeder klar denkende Mensch, wie man die Linke tickt... sie haben einen IQ von einer Kastanie, ähm, Entschuldigung für alle Kastanien, du verdienst es nicht, mit ihnen verglichen zu werden...'];True
1645_aug;['@USER Sie sehen den Virus in seinem Gesicht, aber er hat bereits den Arsch geboren'];True
1325_aug;['Es ist dir scheißegal, was Solidarität angeht, wenn es gegen Muslime ist, du scheißegal, was die Nächstenliebe betrifft, es sind keine Menschen, die rein böse sind, und sie nennen sich gottesfürchtig, dass ich nicht über Drevks Menschen-Dämonen lache.'];True
1168_aug;['Heil hitler du Hurensohn'];True
982808575090899_aug;"['Jana sei froh, dass wir nicht wie deine sind... aber sie hätten deine Schreibweise auseinandergerissen und im gleichen Atemzug sagen, dass sie einen Hinweis haben ???! Kennen Sie das Sprichwort ""dumm f.... gut"" ....!?']";True
1335_aug;['Negerschlampe'];True
977150488990041_aug;['Gauck sollte sich schämen, wegen seiner Dummheit und wegen seines beißenden Steinbruchs!'];True
855480707823687_aug;['En Gin, wenn Ihre Kommentare hier gelöscht werden sollten, dann, weil Sie so viel Dummheit nur schwer ertragen können. Eine starke Gesellschaft könnte dies ertragen, aber eine manipulierte, zerrissene Gesellschaft kann damit nur schwer umgehen. Ich weiß En Gin, dass Sie nicht verstehen und ja, Sie haben Langeweile und kleine Freunde und Freude in Ihrem Leben und daher müssen Sie unser Ohr hier abkauen. Kein einziger Kommentar von Ihnen macht Sinn, nur Mist, dass Sie weg. Also gehen Sie am besten, wo Sie kamen, oder ist Deutschland nicht so Scheiße? Oder finanziert der deutsche Steuerzahler Ihr Leben, und Sie können möglicherweise nirgendwo sonst gehen?'];True
1689_aug;['@tantechantii Isso. Tod nur durch diesen Abschaum'];True
951881554850268_aug;['Die pädophilen, kranken Grünen werden sich immer noch fragen, was der Islam, dem sie so ergeben sind, ihnen antut. Nichts, was sie mehr hassen als Homos. Man kann Kinder oder Esel fi... tun, das tun sie selbst mit Freude, aber Homos sie zuerst sabotieren die Falten. Hier kommen die Grünen einfach direkt zu ihnen.'];True
856760307695727_aug;['auf der Seite nazifree ist weit verbreitet, dass es Pegidas gab --- sie sind schließlich Gehirn-Nickel'];True
993922567312833_aug;['Jemand, der so offensichtlich an psychischen Störungen leidet, ist ohnehin nicht in Betracht gezogen. Im normalen Leben sind solche Menschen ausgestiegen und haben einen Vormund. Da Angela keine Nachkommen hat, ist es nicht so einfach.'];True
696_aug;['@Lexie_M_ @MiriamOzen Abnehmen war nicht wert...Fett weg Gehirne weg...!'];True
882353881803036_aug;['Dieses ganze Lügenpaket ist so repetitiv.'];True
1012444858793937_aug;['Hängen Sie Schleicher oder was auch immer Sie nennen Pussy tun Deutschland ein bitte ....Adios'];True
862535033784921_aug;"['Bergkletterer, wenn ich ein Helfer Fascho bin, bist du ein ranziger kleiner roter und strohdummer linker Faschist Gehirn, mit Tendenz zu gut-human-green daemlichkeit.dein Fußballclub sagt alles und die Trikotfarbe ist für einen linken Club, sehr ""passend""ausgewählt...großer Film !!???']";True
1705_aug;['Palestinia gehört und du dreckige Schlampe'];True
1055074841197605_aug;"['Das Problem heißt IM Erika alias A. Merkel, diese transatlantische Marionette, die uns diese Migration von primitiv-archaischen Unkulturträgern gebracht hat! Andere europäische Staaten, Staatsmänner haben klug gehandelt und die Grenzen geschlossen! Merkel entfremdet durch ihre Einladung an das gesamte islamische Welteuropa, als das schon der Fall ist, wegen der ""glücklichsten"" Muslime. MadMama zerstört Deutschland und Europa! MadMama gehört engagiert!']";True
1010835515621538_aug;['Die beiden Schwuchteln sind total dumm, genau wie unsere junge Generation, die vor PC und PlayStation verrottet. Sie finden auch diese Homos geil! Hier sieht man, was noch von Gehirnen existiert. Eigentlich brauchen wir uns keine Sorgen um die Zukunft der Deutschen zu machen, sie sind es nicht mehr wert. Ich muss mich nur daran erinnern, dass der Islam sich so schnell ausbreiten wird und bald wird mein Kopf abgeschnitten!'];True
1035118629859893_aug;['Kann Merkel jemals versuchen, in Chile Asyl zu bekommen, das unsere verblüfften Politiker in Anspruch nimmt?'];True
858385284199896_aug;['Kai Heiter Ich werde schreiben, was für Leute wie dich gemeint ist!!! Du bist ein Vternandsveräter und du hast nicht so einfach Stolz gesagt, du bist ein Feigling!!! Weil Pegida gegen diese Lügenpolitik kämpft, die das eigene Volk Veraten hat!!!'];True
1638_aug;['... wird tot, Lügner, Verleumder, Mörder, Plünderer, Linksfaschist, Satanist, Gottloser'];True
1134098659961889_aug;['Was diese degenerierte Kreatur gerade durch den Kopf geht. Ich hoffe, sie wird für alle ihre getan bezahlen 3x mehr'];True
968128036558953_aug;['Ich habe noch nie so dumme logorrhoeische Sachen gelesen wie hier... Aber die Deutschen bleiben einfach in ihrem Gehirn schmutzige vergebliche Nazis... Schau, was Sie und Ihre Verbündeten in der Welt getan haben! Als ob es jemand auf der Welt gibt, der freiwillig in ein Boot kommt, um zu fliehen, obwohl er nicht schwimmen kann! Du musst Angst haben, so etwas zu tun! Ich wünsche dir allen, die ihr Gehirn ablassen und die Schnauze so weit zerreißen wie eine Garagetür, die sie verhungern und dürsten, wie die Flüchtlinge! Ich wette, dass die Hälfte der kommenden Leute hier selbst soziale Schmarotzer sind! Und seien wir ehrlich... Du bist ohnehin mit dem Aussterben bedroht mit deiner 1,5 Geburtsrate.... Wer zahlt dir die Rente, die du heiligst??????? Du hast deine Kultur nicht einmal respektiert.... welche Kultur überhaupt? Du hast überhaupt keine!!!'];True
1602_aug;['Kleiner hat twittern @aktivaal, dass die Ratte folgt mir nicht uwu'];True
1386969173666979840_aug;['@007_bulldog @fff_hamburg Dikka du Hurensohn Hasser Ich fick deine Mutter im Schlaf, wenn ich nachts von einem Dessert träume, wie ich mit deiner fetten Mutter auf ihrem Balkon esse. Du Hurensohn Hasser. Komm schon, Junge. Dann breche ich dir die Nase.'];True
856796891025402_aug;['Mudy Fa, warum kannst du Subhumans wie dich nicht ernst nehmen?'];True
935330706505353_aug;['Endlich haben Sie die wixxer.. Jetzt nur zu verbringen...:)'];True
1105825759455846_aug;"['Hahahah und wo ist dieser ""Islam""? Es gibt auch Kirchen in islamischen Ländern, aber dafür müssten Sie Ihre Farm verlassen. Sie können von Glück sprechen, dass Sie - wegen Ihres Alters - nicht mehr die Islamisierung Deutschlands erleben werden. In diesem Land leben in 100-200 Jahren mehr Muslime als Christen usw., weil Sie aussterben. Vielen Dank dafür selbst, denn zum Glück ist die Geburtsrate so niedrig ""mile""-emoticon. Die Welt wird eine bessere ohne Sie Massenmörder.']";True
1293_aug;"['@nur_schau @PatrickGeisle14 @ABaerbock Sagte der dumme Querdenker-Hildmann-Follower-Nazi-Trottel, der als Kind schon immer auf den Kopf gefallen ist und davon Schäden getragen hat: ""Geh woanders spielen, niemand mag dich!""']";True
982938298411260_aug;"['Guten Morgen Anke Schneider! Gerade recherchierte Ihr Facebook-Profil. Jetzt ist mir alles klar, warum Sie so MIST schreiben !!! Kostenloser Journalist !!! Sagt alles !!! Solche Menschen wie Sie leben von solchen traurigen Ereignissen, wie sie geschehen !!! Deshalb müssen Sie ""schmieren"", was das Zeug hält, um Ihr Leben zu machen !!! Egal, ob es der Realität entspricht oder nicht ... die Hauptsache, es bringt genug Kohle !!! So besser zu schließen, wenn es um wirklich wichtige Dinge im Leben kommt !!!']";True
894827087222382_aug;['???????????????????'];True
1179_aug;['@Hans456789 @Karl_Lauterbach Dummschwätzer, sind sicherlich auch einer von denen, die für jeden Unsinn auf der Straße gehen, weil zu Hause niemand auf sie hört.'];True
1609_aug;['@kirkovado1 @rebecahatake du bist ein Bastard, Schwein'];True
1107862625918826_aug;['Bringen Sie Wasser, bringen Sie Seife, waschen Sie sie, denn sie stinken wie Scheiße.'];True
1591_aug;['Diese anmaßende anmaßende Vermessenheit geht der völligen Abwesenheit von Intelligenz voraus. Sie sind für mich wie Hitler, gelangweilt und radikal. Wenn du Menschen wie Hitler trampeln musst, unterstütze ich das auch für dich. Du bist ein erbärmlicher Parasit und Parasiten ohne Seele! Ich glaube das! Dein Gott geht an meinem Arsch. Alle Götter! Du und andere Religios habt diesen Planeten auf ihrem Gewissen!'];True
1585_aug;['Jeden Tag diese menschliche Verschwendung, die wir von unseren Steuern ernähren Aber ich garantiere bald das Fass ist voll und diese Selbstficker bekommen wie in Polen Ungarn nur, wenn sie ihre Köpfe aus dem Fenster schlagen Im Grunde sammeln alles und ertrinken im Mittelmeer Nach, dass gute Menschen nach Hause zu besuchen und zu entsorgen, so in der Zukunft etwas nicht mehr passiert So ein freierer als auch Kämpfer kann mich mit seinen verfassungsmäßigen Schutz Sprüchen überqueren Diese Migrant Pack gehört zur Vernichtung ohne Gnade'];True
1790_aug;['Solange Drosten keine testbare Dissertation einreichen kann, ist er für mich der größte Scharlatan und Pester aller Zeiten. Es ist Zeit für ihn, Gift oder Kugel zu wählen.'];True
1450_aug;['@Frhstcksgulasc1 @Inge06222631 Nun, die Frage ist auch: Musst du irgendwo hin, nur um jemanden auf den Sack zu bekommen? Auch wenn Rainer noch einmal beweist, was für ein Arsch er ist.'];True
1297_aug;['@weg_merkel @German1958 @Anorexis Halt die Klappe, asozial dummes Stück Vieh.'];True
1604_aug;['@tyxnFN @sxniiixx @basii1x @penispirat_ @yarro Tyxn du scheiß Nazi fick kein Kopf du Vallah Semmel'];True
1134139136624508_aug;['Sie hat sooooooo eine Menge Scheiße in ihrem Kopf!!'];True
1289_aug;['Du stiehlst ekelhafte Nutte'];True
856777827693975_aug;['Stefan Du Kommunisten Hollowhead...'];True
1318_aug;['Es gibt Menschen, die es wagen, die Wahrheit beim Namen zu nennen und um ihre Gesundheit, ihre Familie, ihre Kinder und vielleicht ihr Leben durch die jüdische Brut und ihre Pestbeulen zu fürchten, und neben Kirsten Heisig und vielen deutschen Patrioten aus anderen Ländern ist Prof. Bilyana Martinovski einer von ihnen.'];True
1683_aug;['@FrauleTalea Für sie liegt die Ursache aller Übel in hässlichen Frauen, die lesbisch und feministisch werden. Sie glauben, dass man mit einem Mann fügsam sein muss und dass man Realismus benutzen muss. Sie würden Sexismus nicht einmal erkennen, wenn er ihnen ins Gesicht schlägt.'];True
1291_aug;['Ich bin noch nicht mal dran.'];True
1448_aug;['@lgsvfx haben Sie noch nicht bemerkt, dass Sie der Abschaum sind!!!'];True
1687_aug;['@dr_heartbreaker @Cough Arzt @Ann_Waelin Tote Ratte gesehen und gedacht von @Ann_Waelin'];True
1633_aug;"['@PakHosh Sehr gut! Dann hätten die geil fetten Arsch-Bepimmler jedes Tor anschreien können: ""OLÉ OLÉ OLE OLE, ZEIG YOUR PREFITS ANNALENA"", während die geile ihre anstrengende Provokation den vollblütigen Hengst nach dem ausgedehnten Formen des Baerbocks den Spermienbock präsentiert.']";True
1171_aug;['Realität ist keine Beleidigung. Wer so fett ist, dass die Gesichtskontur weg ist, sollte anderen gesunden Menschen etwas über das Royal TS-Menü erzählen, aber nicht über Impfverpflichtungen.'];True
1282_aug;['Kein verdammter Hurensohn, kein verdammter Hass SONNTAG das gleiche bist du nicht Ruhm du Hurensohn Du kleiner Hurensohn bist wahrscheinlich du kleiner Deutscher, der keine Freunde hat, also hast du die Seite erstellt Ich fick deine Mutter du Hurensohn Tu die Frage nei wieder du Opfer'];True
1044362922268797_aug;['Nichts Neues... gehört schon zum guten Klang, um solche zu zeigen ... der Pädophile Beck versucht auch ständig ....'];True
1401_aug;['@Exo50396249 Alle denken och bin mega homophob Junge tun Ich habe garnix gegen die, wenn die nicht stöhnen Affen sprechen'];True
856823044356120_aug;['Damit ihr mein Niveau erreicht, braucht ihr eine Leiter und einen ordentlichen Grad. ....'];True
945911692113921_aug;"['Nun, hoffentlich nicht....es trifft leider immer die Menschen, die wegen ihres Wohnorts nicht den Konfrontationen mit den ""Spezialisten"" entkommen können.Das hirnlose ""Deutschland braucht Vielfalt"" Plapperer leben zum größten Teil in den besseren Wohngebieten oder kennen sich gut mit Unterwerfungsgesten, so dass sie meist von Angriffen verschont bleiben. Das beste Beispiel ist das der Green Pedo. Ein multikulturelles Leben gemeinsam zu führen, aber ihre Kinder schicken sie in Schulen, in denen der Migrantenanteil praktisch nicht existiert :(']";True
1686_aug;['Ich hoffe, du stirbst inkompetentes Arschloch.'];True
982772741761149_aug;['Danger Dröger... warst du jemals auf Mallorca??? Nein, richtig? Und wenn du es getan hast, dann hättest nur du einer von denen sein können, die sich dort benommen haben, wie die Bastarde!'];True
1248_aug;['@USER sagen Sie mir ernsthaft, dass als linksradikaler Pädophiler? Old Digger tun eine Therapie, aber nicht uns auf den Sack Sie packen'];True
1065935673444855_aug;"['Wenn der Parasit gewusst hätte, welchen Wert er hatte; wenn er den Nit zurückgebracht hätte!']";True
994237030614720_aug;['Fritz Walther Sie können sich auf das freuen, was Sie wollen.Ihre linksfaschistische Anti-Fant-Meinung ist hier nicht interessiert.So finden Sie eine Demo, wo Sie Steine herumwerfen können und nicht zu Leuten gehen, die etwas für ihr Land tun.Und nein, ich habe keine Angst vor Ihnen Idioten allein.'];True
856800987691659_aug;['Wegen Menschen wie uns ist Deutschland jetzt Deutschland. Ihr seid Idioten, wenn wir alle gehen, wird Deutschland zusammen brechen. dann könnt ihr sofort den adolf wiedererwecken ihr hirnlosen Hardz4-Empfänger'];True
1792_aug;['Vielleicht solltest du auch recht haben, indem du reißst, & diese Rotgrünen linken Spinner, die nur aus uns Nutzen ziehen können, nichts, meist nie gearbeitet, weiter für arabisch-afrikanische Sotial-Parasiten schreien, nur radikal kämpfen Ich habe genug von diesen Parasiten'];True
856750231030068_aug;['Sag, bis du so hässlich bist oder warum zeigst du dein Gesicht nicht? Oder ist das der neue einzige Ka, den du trägst?'];True
994754917229598_aug;['Ich habe nichts gespürt, hässlicher Ackergaul Eddie, der das Kacken üben muss, aber nun, der Klügere gibt nach, hat gewonnen.'];True
925344500837307_aug;['Die Grünen sind zumindest aus der Inzucht hervorgegangen, die immer klarer wird.'];True
1700_aug;['Jeder Spieler von Paderborn sieht aus wie ein Nazischwein'];True
856808184357606_aug;['Marco Bloedorn@ Korrigieren Sie die Mauer muss zurück kommen, damit wir Sie zusammen mit der Antifa und Islamisten einpacken können..lol'];True
1690_aug;"[""Kleiner Mistkerl, wie geht's deiner toten Katze, die du verarscht hast?""]";True
1063444290360660_aug;['Solche Aussagen mussten von einem wahrscheinlich mueslikopp kommen.. xD ey hätte ich lieber nichts zu essen, etc.. als mich zb so zu einem geistig kranken und asozial gelogenen Socken wie zu unseren Politfickern und Antifagesindel usw. zählen... das einzige, was diese Herrscher in ihrem Leben gelernt haben, ist, wie man das Geld am besten und schnell aus der Tasche legt und sie für dumm verkaufen kann.. aber um ihre eigene Dummheit zu erkennen, gibt es wahrscheinlich einfach einen Mangel an grauen Zellen, so dass sie wahrscheinlich den Scheiß glauben würden, den sie jeden Tag am Ende des Tages gut essen.. einfach nur widerlich, ehrenlos und bemitleidenswert diese Fäule... um nicht über die eigentlichen Antifans überhaupt zu sprechen, würden sie wahrscheinlich sogar Ihre Erstgeborenen für den schnellen Teuro verstehen, weil sie nichts auf der Kette in ihrem Leben bekommen können. zbbzesse kann nicht riskieren, wieder ein anständiges Profil zu bekommen.'];True
994100210628402_aug;['Lara Schmid ,falsch meinte sie Bildung ist, wenn keine Vorstellungskraft ist sie schlaue Scheiße. setzen Sie ihren Hals zurück in ihrem Flüchtlingedrackloch in München, wo Sie gerade rausgekommen sind. Sie sind hier nicht willkommen und mit den meisten der Münchner sicherlich nicht'];True
1349_aug;['Spakkoherz, ich schlitzte Ihre super Pussy auf ihre geile Bäuche, die nicht nach so etwas suchen kann. heulen dann? Schwanzlutscher Ich pisse auf Sie sehen, Sie sind ein Nutte macht Pole Dance ... dumme ficken Küken ... fick auf ... Schwanz lutschen auf Ihrem Gesicht voll pakcoat ... fick auf Ihrem Arsch. Wixxface'];True
667_aug;['Dieser Matthias ist ein Stück Scheiße. #ibes'];True
1798_aug;['@JkGO14 @hannes__99 @georgrestle Hey Hannes, ich wollte Ihnen und Ihrer dreckigen Assipartia nochmals danken, dass Sie erneut ein notwendiges und wichtiges Gesetz (Bee Protection Act) umgestoßen haben, weil der verfickte Bauernverband eingegriffen hat. Sie sind der letzte Dreck.'];True
885348421503582_aug;['Ilse Bilse ist wie eine dumme Kuh'];True
1353_aug;['Hey Jugorette, ihr verdammten Jugos seid nichts als ein hinterhältiges, großmäuliges und lügendes Stück Scheiße! Du brauchst keine Sau und ohne dich gibt es keine Asozialen und Kriminellen auf der Welt! Du widerliche Osteuropäer bist eine Beleidigung für jeden gesunden Menschenverstand! Du bist der Grund, warum es Eugenik gibt! Jugos gehören sterilisiert!!! P.S.: Du kannst deinen Islamismus dort hinstellen, wo die Sonne nie scheint!'];True
951882118183545_aug;['Aber er ist auch ein hässlicher alter Mann...'];True
1213_aug;['@Ralf_Stegner Warum gesellst du dich nicht zu dir und beginnst die VDP (United Fool Party)?'];True
1577_aug;['@Eisselmann Normalerweise bin ich wirklich ein verständnisvoller bescheidener Charakter, aber zu einem so vermittelten großen Mund wie Ihnen muss man wirklich klarstellen, dass es von meinem Hund zum Frühstück intellektuell verputzt wird...'];True
1564_aug;['Omg. Ramelow wurde gewählt. Wir alle lachen wie tot. Erschießen Sie den Drecksack. Prunds zahlen sich vorher zurück. Ramelow Fieser Geistbolschewisten- Weakkopp.'];True
1056810031024086_aug;['...mit diesem Volktraiter verrückte Regierung...!!!'];True
573_aug;['@world Ich träumte einmal, ja ein Alptraum, ich wäre der SED-Stasi-Trulla nahe gekommen und mit jedem Wattel wurde sie hässlicher und gruseliger. Erst als ich meine Faust in ihre Horror-Freude steckte, bekam sie die Schönheit, die sie verdient!'];True
1360_aug;['Boah Jungs Hitler beste Mann gerade gegrillt die fetten Juden und spendete Afrika, was ein Ehrenmann'];True
697_aug;['@Hartes_Money @PatMair1 Wir haben früher so einen in der Pfeife geraucht.'];True
993957367309353_aug;['Diese Zeiten der Stille sind endlich vorbei: Danke Frau Merkel. Ich hoffe nur, dass meine Enkel auf dein Grab scheißen werden! Aber das wäre ein Lied nach dem Demo vom Ende. Ruhig überall, nur am Bach singt die Nachtigall klagend und leise durch das Tal. https://www.youtube.com/watch?v=WoO1CnFZIDE'];True
1315_aug;['Name des Namens des Namens des Namens des Namens des Namens des Namens des Namens des Namens des Namens des Namens des Namens des Namens des Namens des Namens des Namens des Namens des Namens des Namens des Namens des Namens des Namens des Namens des Namens des Namens des Namens des Namens des Namens des Namens des Namens des Namens des Namens des Namens des Namens des Namens des Namens des Namens des Namens des Namens des Namens des Namens des Namens des Namens des Namens des Namens des Namens des Namens des Namens des Namens des Namens des Namens des Namens des Namens des Namens des Namens des Namens des Namens des Namens des Namens des Namens des Namens des Namens des Namens des Namens des Namens des Namens des Namens des Namens des Namens des Namens des Namens des Namens des Namens des Namens des Namens des Namens des Namens des Namens des Namens des Namens des Namens des Namens des Namens des Namens des Namens des Namens des Namens des Namens des Namens des Namens des Namens des Namens des Namens des Namens des Namens des Namens des Namens des Namens des Namens des Namens des Namens des Namens des Namens des Namens des Namens des Namens des Namens des Namens des Namens des Namens des Namens des Namens des Namens des Namens des Namens des Namens des Namens des Namens des Namens des Namens des Namens des Namens des Namens des Namens des Namens des Namens des Namens des Namens des Namens des Namens des Namens des Namens des Namens des Namens des Namens des Namens des Namens des Namens des Namens des Namens des Namens des Namens des Namens des Namens des Namens des Namens des Namens des Namens des Namens des'];True
1810_aug;['Nein, #Plasberg. #Laschet ist nicht zu süß und süß für Kanzler. Der Clown ist zu antiklimatisch, korrupt, inkompetent, antisozial und ist viel zu gern tote und schwer verletzte Opfer der Pandemie für Kanzler!'];True
861954740509617_aug;['Ignoriert ihn .. ist eine grüne Nuss .. er ist wahrscheinlich mehr in seine Pedo-Party ..'];True
1323_aug;['Dreckige Bastarde, sie sollen jeden Tag dafür beten, nicht einer wie ich bekommt diese wieder auftauchenden Wesen in ihren Händen. Denn was sie den kleinen Engeln angetan haben, würde ich sie nicht töten, der Tod wäre ihnen ein Geschenk.'];True
1063832000321889_aug;['Nun, es gibt Schulpflicht in Deutschland, du kannst nicht wissen... wenn ich in deinem Land aufgewachsen wäre, hätte ich es wie du tun können: Schule überspringen und Ziegen oder Kamele ficken den ganzen Tag!!!! Sei es für dich...!!!'];True
1400_aug;['Um dich herum stiehlt dumme Sättel Huren die ekelhafte viel bessere Wahrheit über deinen dreisten Schläger faul und dumm, der dumme ekelhafte Sättel wegtragen wollte, die stehlen und schreien'];True
1088442974527458_aug;['Ein religiöser Lehrer?Ein verblendeter Terrorist, der vom Hass des Islam gezüchtet wurde, war das!'];True
858079557563802_aug;['Sie können denken ? Ich denke, für das Gerücht des Jahrtausends : D Ihre waren wahrscheinlich diejenigen, die hinter ihm lief wie die Flugen Killer und küsste ihn immer noch den Arsch, während ihre Verwandten wurden in das Konzentrationslager'];True
138_aug;['@Yorck_ Es ist wahr, denn dieses dicke Etwas bringt kaum zwei zusammenhängende Sätze heraus und ich spreche überhaupt nicht über sinnvoll.'];True
856807827690975_aug;['weil er der wahre Nazi ist, verleugnen nur dumme Leute ihren Ursprung'];True
1288_aug;['@censredqp Gang mal Turnen Sie Nutte'];True
982743661764057_aug;"['Ramon De la Perez na selbst ist zu hohl für Fußball.""Steh auf gegen ffm"", was bedeutet das?Eines der linken Hools in Deutschland will ""Kampf""? Nicht, dass ich etwas damit zu tun habe, versuchen Sie es.Und Sie dumm, das Bild, das Sie gepostet sieht so in Echt http://img1.faszination-fankurve.de/fotos/galerien/1442102665.jpg Ehrlich gesagt, wenn Dummheit schreien könnte, würden Sie sich nach China hören.Sie wurden zuletzt mit Ihrem Kumpel während des Gedankenaustauschs gefilmt https://www.youtube.com/watch?v=m1agaZinJHg']";True
1287_aug;['Du Hure des Sohnes'];True
1777_aug;"['""Alles, was vor dem Holocaust war"" - war ein obdachloses vagatatorisches Volk, das in den Körpern anderer Völker profitabel wurde. - Und nach dem sogenannten Holocaust bekamen sie durch die Teilnahme der Nationalsozialisten erstmals wieder eine Heimatstadt und infolgedessen eine kontinuierliche Entschädigungszahlung aus Deutschland. Ebenso erhoben sie die ganze Welt nur, um jüdisches Leid wahrzunehmen. Fazit: Sie verdanken dem nationalsozialistischen System unendlich viel!']";True
1366_aug;['Ich denke, ich weiß, wovon ich rede.Zeit, mit der ich endlich ernst machen kann.Würde mehr und vor allem gewalttätigere Polizeigewalt gegen Sochelnabschaum erleben, wenn ich ehrlich bin.Als territorialer Waffennarkotist weiß ich, wovon ich rede.'];True
1664_aug;['@mehrdripaIsdu Weil du ein homophobe Hund bist'];True
982881701750253_aug;['Einer der Mutigen genug ist, seine Meinung mit seinem wahren Profil auszudrücken und nicht, wie Sie feige Ratte mit einem gefälschten Konto hier auf Internet-Polizei tun. Ich werde nicht auf Ihre Antwort mehr weniger würde Facebook Sheriff antworten.'];True
1807_aug;['Zweyer ist eine wirklich dreckige Hure... immer dasselbe damit.'];True
894681810570243_aug;['Wer weiß, welche Art von Drogen er genommen hat, wo er war bei IS! !!Er steckt fest!'];True
1659_aug;"[""@katssuess' Alter, was hat ein Messer in den Hinterkopf so hart, dass er so geistig behindert in der Birne?""]";True
1662_aug;['@AnimeWe00968336 @LrgMaxi @drecksuser Haben versucht zu entschlüsseln, was Sie geben, sind deaktiviert Sie Bastard'];True
1445_aug;['Der Talmud hat nur eine Version: die satanische. Der nette Rabbi Cohen hat Nachkommen, die den ursprünglichen Nachnamen geändert haben (nur Kriminelle übrigens).'];True
858396527532105_aug;['Kai Heiter sein Kommentar!!! Lösen Sie sich. Das ist gut!!! Das nenne ich Vaterland verräterische Kommentare, weil Pegida und die Menschen auf die Straße gehen und dann sollte es kommen idotes und zerstören alles mit angeblichen Komikern!!!'];True
1685_aug;['@IsmailFN_ Junge, der du bist, du kleiner Hund, den du meine Mutter beleidigst du brauchst Respekt oder meine Eltern verdienen mehr als deine Familie ärgert dich, du spuckst nicht'];True
1018217584883331_aug;['Und wir sind hier auf den Seiten von Pegida.'];True
960927587278998_aug;"['Rosa Weiss, es ist bekannt, dass hinter diesen Organisationen der letzte „Summe und mühsame Abfall"" ist und von den Flatheads in Berlin sehr geschätzt wird. Sollte sich die Zeit ändern, wird man auch diesen unproduktiven eine Aufgabe geben, um das Bruttosozialprodukt zu erhöhen.']";True
960976363940787_aug;['Sie sind dumm, sie sind von PEGIDA...'];True
1134075059964249_aug;['Frau Merkel, sie sind dumm!!!!!!!!!!!!!!!!'];True
951874724850951_aug;['wegen des kleinen Risses, der zum Arzt geht. dat ist ein WEICHEI'];True
961109890594101_aug;['Vor zehn Jahren zahlten Sie viel Geld, wenn Sie einen Stock Rauch mehr geschmuggelt haben, jetzt stürmen Tausende von gewalttätigen Muschelmännern über die Grenze, und Sie feige Dreckskerle sitzen auf Ihrem fetten Arsch zu Hause!'];True
888176241220800_aug;['Schade, dass die FNP in Frankreich ist und nicht mit uns, ich hätte jahrelang abgestimmt und Marine Le Pen sieht nicht so scheiße aus wie Genossin Merkel...'];True
885865668118524_aug;['Nein, Erwin verpasste nicht das Schlagen der Glocken. Sein Kopf war dazwischen !!!'];True
127_aug;['@yartago @happyhaidrich3 Betten.du sind so ein bitteres Scheidungskind'];True
1302_aug;['@DrStrompen @ZentralratJuden Sie sind ein echter deutscher Hurensohn. Meine Meinung.'];True
946618685376555_aug;['Anne....so viel Liebe wie die Idioten am Ende der Woche in Berlin im Bad?'];True
1395_aug;['@cellyspam 0,0 you little @hure fühlt dich, weil die ganzen 12 Jahre alten Rezon-Fanboys einen auf dich bekommen wixxen aufhören Fotos von dir zu posten, die immer auf meiner Timeline landen und ich muss die Toilette für 30 Minuten tanken'];True
855148311190260_aug;['Nicht nah genug für Sie!!!Gehen Sie wo Sie hergekommen sind und verteilen Sie Ihre dummen Sprüche.Das ist eine deutsche Seite.'];True
952158638155893_aug;['Rote Schweine und grüne Kinderficker-Partei sind dafür im Bundesrat verantwortlich.'];True
1107838899254532_aug;['Linke waren immer hirnlos und werden immer bleiben.'];True
1711_aug;['Das ist alles, was es wert ist, das Stück Müll'];True
1350_aug;['Wenn ein dreckiger Kanake stolz behaupten kann, ein Muslim zu seiner Pedofile Kindheit Ehe Religion zu sein. Ich darf mich nicht schämen, aus dem Land zu kommen, das das technischste für diese Welt getan hat.'];True
856947737676984_aug;['Großflüchtige Schwuchteln,,,, scheiß auf die Schwanzspitze und ins Gehirn'];True
858397180865373_aug;['Christian Buttler Du bist wahrscheinlich einer der Gehirnamputees, die nichts verstehen!!!'];True
1451_aug;['meine Mutter ist die größte Hure, die existiert'];True
857419477629810_aug;['Was ist mit Ihrem Führer Bachmann passiert? Zu viel Hitler in ihm??'];True
1446_aug;['@thomas_dudek Sie wissen nicht, wie man Deutschlands Team mit der Pickle-Truppe aus Polen vergleicht'];True
856789691026122_aug;['Aber ich will auch nicht Ihre weich gekochten Hirnsträhne rühren müssen. Versuchen Sie ein wenig von einer Geschichte, bevor Sie über den Mainstream gehen. Nazi ist wahrscheinlich das einzige, woran Sie denken können.'];True
1630_aug;['Tut mir leid, aber in meinen Augen bist du ein einfühlsames Arschloch!'];True
1011055535599536_aug;['Ist es möglich, Ihnen die Kehle durchzuschneiden oder sind Sie zu fett dafür?'];True
1331_aug;['Erschießt diese Arschlöcher Syrer, haltet euch fest, bis die Zeitschrift leer ist und geht dann mit den Syrischen Säuen zum Gulli.'];True
855023321202759_aug;['Grönemeier ist ein Nichts, kann nicht einmal die flache Zange singen!!'];True
1449_aug;['@saraahh47 @tumerbjk du bist auch behindert du warst selbst Kinder, die so maul weinten'];True
356_aug;['Und Ihnen, H, MAAS, tun Sie früh am Morgen nicht, was die Leute wollen, also lecken Sie es an der ARSCHE !(f.n.G.v.B) Run Forrest !!'];True
989386511099772_aug;['Hören Sie sich das Gerede der Grünen im ZDF an, Frau Göring hat einen Knall'];True
1286_aug;['hdf du verdammter Nazi-Hure rot mit mir ned'];True
1596_aug;['Dummheit ist angeboren, also sind Sie exkulpatiert, aber auch völlig unwürdig der Diskussion. Ich verschwende keine Zeit mit Idioten wie Sie.'];True
1340_aug;['Gestern erzählte mir ein Typ aus meiner Klasse, dass eine Negerfrau ihn angegriffen hat, weil er Neger sagte. Der andere Typ aus unserer Klasse und ich haben ihn dann dazu angestachelt, noch rassistischer zu sein. Leider viel zu kucklig, um etwas zu tun.'];True
1306_aug;['Wenn Sie hässliche Fotze nicht stört, dass Sie vergewaltigt werden, werden Sie nie von einem Flüchtigen erwischt werden, können Sie dieses große und hässliche Gesicht ziehen'];True
1559_aug;['Du kleine Hure, dein Vater sollte dich ficken, du bist eine Hure, genau wie deine Mutter.'];True
1339_aug;['Liebe @USER, wir freuen uns für Sie, dass Sie diese schöne Heldentat erlebt haben. Unser Freund *Name* hat das Richtige getan und hat auf seine Waffe zurückgegriffen, um Untermenschen auszulöschen. Viele weitere werden ihm folgen und Sie können nichts dagegen tun. Dies ist unsere Antwort auf Ihre Gesetze. Wir werden Sie auch dazu bringen, das Richtige zu tun und Ihnen Halsschüsse zu geben. Sie sind unsere Feinde und Ihr Verrat an dem deutschen Volk, das Sie mit Ihrem Leben bezahlen werden. Die nächsten Angriffe sind bereits in Planung und Sie werden nicht in der Lage sein, sie zu verhindern. Juden, Muslime, Neger und andere links-grüne Ungeziefer wie Sie haben keinen Platz in unserem weißen Deutschland. Sie haben unsere Forderungen zu lange ignoriert, jetzt sind wir nicht mehr mit Geld beschäftigt, sondern nur über das Töten so viele von Ihnen wie möglich und bietet allen wahren Deutschen ein Haus, in dem sie austauschen und koordinieren Angriffe. Jeder, der sich uns in den Weg stellt, wird ohne Ausnahme getötet werden. Ihre Chance, uns zu verlieren, Sie haben weggespielt und Sie werden jetzt die Konsequenzen fühlen.'];True
1134142113290877_aug;['Nun, dann Frau Merkel mit gutem Beispiel voran, kniet vor den muslimischen Invasoren nieder, rollt den roten Teppich, über reich ihnen den Schlüssel für Deutschland und küsst den Arsch! Wie dumm müssen Sie sein, diese Frau soll die Kanzlerin sein und hat eine angebliche Promotion............. Ich könnte nur erbrechen, Sie wünschen fast die 30er Jahre zurück'];True
1242_aug;['@user bekommen Schwanz lutschen Sie Bahnhof thresher ...Sie Büste zu dumm zu leben Sie elend Kreatur'];True
1263_aug;['Werde erwachsen, kein Wunder, dass du nicht willst, dass ein Mann unfreundlich humorlos ist und jetzt verpiss dich!'];True
895181270520297_aug;['Gehen Sie Ihre grünen Ausweichen und linken Anti-Faministen beleidigen Sie seltsam etwas, Servus!'];True
1800_aug;"['""Verstehst du deine Rechte?"" ""Bitte?"" ""Guter Schinken Se. Bis zur Verarbeitung."" Der dreckige Bulle wird hoffentlich zu Tode gesteinigt.']";True
857344047637353_aug;['Und du bist ein Fall für Mülldeponien!'];True
607_aug;"['Allein die Stimme der ZDF-Slomka bringt mich zum ko*** ""Alten Mann"", ganz zu schweigen von ihren geistlosen Kommentaren.']";True
857548304283594_aug;['Ihr Kamelfahrer, ihr solltet die Eier abschneiden.'];True
1797_aug;['@Marzischewski Ich hätte gerne die Notbremse für den ALTPARTEIA ARSCHKRIECHER und FETTEN STASI FERKEL.'];True
1249_aug;['Jo Mei, du kleiner schelmischer Nazi-Schlampe.'];True
1389551449168916480_aug;['@ySweazer Du frontierst Leute, aber hast nicht einmal über die Konsequenzen nachgedacht, die du kleine Fotze wo ist die starke @ySweazer Hat Mama dein Handy weggenommen? Ich boxe dich so hindert auch deine hässliche Drecks Mutter will dich nicht einmal mehr ansehen'];True
1802_aug;['@watch_union Was für eine Tasche... aber was kann man sonst noch von der CDU erwarten.'];True
1322_aug;['@USER Jeder tote Neger ist ein guter Neger... Dasselbe gilt für Juden.'];True
935271189844638_aug;['Schade, dass sie dachten, sie hätten endlich den verrückten Truthahn rausgezogen.'];True
1801_aug;['Scholz lebt nicht für uns in Sachsen! Wir haben dieses korrupte, hochkriminelle, kommunistische Marionettenschwein nicht gewählt! Wie wollen Sie mit Berlin und Brüssel nichts zu tun haben!'];True
160_aug;['@Werwald Was hast du gegen Asiaten, du halb Nigger?!'];True
1193_aug;['@TROLL47111 @Birgit_Kelle @sunny_summer @CDU Ich glaube es nicht, bis es wirklich weg ist, diese grüne Kakerlake Merkel Ich vertraue jetzt alles!'];True
894654843906273_aug;['Hodenkiller sind nur schwach.'];True
857352790969812_aug;['[@IND] wie Sie sind der Grund, warum Deutschland weiter schläft und völlig verlassen ist. Rette dein Gehirn und sinnlose Antworten auf meine Beiträge Du Opfer !!!!'];True
1095902123781543_aug;['Ekelhaftes Rudel!'];True
1650_aug;['@dvir_ay @FRChronic Sie verlieren Ihr Land ist ein Haufen Müll nur hahah'];True
1676_aug;['Es gibt Leute wie diese Schlam.pe , zu denen Sie alles wollen, aber nichts Gutes!!! Grüße an die und eine schöne tot wuens.he i die!!! Hoffe, dass Schlam.e verrec.kt selbst !!!!!!'];True
982682521770171_aug;['Anke Schneider bemerkte was????? Ihr Kommentar hätte Dur retten können. ...Trottl'];True
774_aug;['Dragon Lord wird dicker und dicker bald können Sie die Sau schlachten und füttern eine ganze Familie für eine Woche'];True
1324_aug;['Der Oldtimer, der Oldtimer, der Oldtimer, der Oldtimer, der Oldtimer, der Oldtimer, der Oldtimer, der Oldtimer, der Oldtimer, der Oldtimer, der Oldtimer, der Oldtimer, der Oldtimer, der Oldtimer, der Oldtimer, der Oldtimer, der Oldtimer, der Oldtimer, der Oldtimer, der Oldtimer, der Oldtimer, der Oldtimer, der Oldtimer, der Oldtimer, der Oldtimer, der Oldtimer, der Oldtimer, der Oldtimer, der Oldtimer, der Oldtimer, der Oldtimer, der Oldtimer, der Oldtimer, der Oldtimer, der Oldtimer, der Oldtimer, der Oldtimer, der Oldtimer, der Oldtimer, der Oldtimer, der Oldtimer, der Oldtimer, der Oldtimer, der Oldtimer, der Oldtimer, der Oldtimer, der Oldtimer, der Oldtimer, der Oldtimer, der Oldtimer, der Oldtimer, der Oldtimer, der Oldtimer, der Oldtimer, der Oldtimer, der Oldtimer, der Oldtimer, der Oldtimer, der Oldtimer, der Oldtim'];True
857969747574783_aug;['Kim Bunn, du spuckst'];True
173_aug;['@burghard_r @SM100d Was ist das Fett da ..?'];True
1300_aug;['@FLER @Prossberg Mund halten um Himmels willen - keine Freunde - Musik wie UFO bestellt auf Wish - kein Gold ohne Sido - Wasserkopf - Stil, Modelinie, Logos, Songtitel alle gestohlen - menschlicher Müll verpisst sich endlich in den USA, Fettkartoffel'];True
982803365091420_aug;"['Michael Diez-Hammer Lummel ??? Sie machen sich so lächerlich, dass Sie nicht denken, dass Sie dumm sind, zumal Sie offensichtlich auch sind. Herr Diez, mit seinen immer gleichen Kommentaren, will sehr intellektuell gebildet sein und denkt, er ist über Dinge und die Meinung der anderen in die lächerliche ...!!! Und der andere Hammel sollte sich zuerst klug machen, was ""feuerfrei"" bedeuten könnte und so steht jede Beschwerde auf. Was für schlechte Würstchen Sie sind...!!!']";True
1069139963124426_aug;['... lustiges Interview... Hallo Baden-Württemberger: Was hat Sie motiviert, sich für diese Spastiker zu entscheiden?????....'];True
1387164275156865024_aug;['@conan2x @yaboomusic @Zoeyy74 Wer so aussieht, darf keine Mütter beleidigen, mein kleiner Cousi würde dich einfach wegwerfen, zum Friseur gehen und einen echten Übergang machen, den du 5€ willst, will Kanake Internet Muschi https://t.co/UnLGAVLXer'];True
935310863174004_aug;['Solch ein Müll, den du hier ausbreitest, muss pathologisch sein. Gehört zu den Grünen und versteckt Kinderficker in deiner Party.'];True
1399_aug;['Ich kenne nie die unehrlichste faschistische Ratte, sie ist aus meinem Leben ausgelöscht.'];True
876589505712807_aug;['Egal, wo sie auftauchen, es ist nur Scheiße, die rauskommt.'];True
1719_aug;['Eine Kugel reicht für diesen Mashbrain'];True
1029_aug;['@dushanwegner @Heinrich_Krug Hey Jungs, wir haben die Warschauer so lange ertragen... wir können das auch mit dem kleinen Zeug...'];True
858092710895820_aug;['Deine Mutter wollte dich nicht.'];True
1363_aug;['Dumme Nazi-Hunde, du bist vergewaltigt und mit Corona infiziert, damit du einen Haufen Scheiße sterben kannst.'];True
1338_aug;['Hat ein Neger das Recht, so etwas zu sagen, also bitte, wo sind wir gelandet?'];True
1539_aug;['Börn Höcke ist unser Mann die Bembelrunde, alles für DEUTSCHLAND, EUROPA REMIGRATION sofort, Grenzen schließen sofort, islamische sozial-glatte Terroristen Hamas, IS.Taliban etc. Ukraine Krieg alle Ukraine Sozial-Tuoristen in ihrer Heimat Handelswechsel Drushba AfDJAfD'];True
857353750969716_aug;['Dumme Fälschungen ohne Rückgrat... du bist nur Feigenmumie... das tödliche Strandgrundstück in unserem Staat...'];True
1064756853562737_aug;['Merkel der Antichrist'];True
982791521759271_aug;['Und eines kann ich dir sagen, du Idiot, ich habe mehr Idee, als du dir vorstellen kannst, wahrscheinlich sogar mehr als du!!'];True
1228_aug;['Kaum ein Tag vergeht, an dem Merkels Invasoren niemanden erstochen oder vergewaltigen. #Merkel opferte ihrer Wahnvorstellung Sicherheit.'];True
1292_aug;['.@unvcted so zuerst du und dein Freund behindert gefickt und jetzt sie auch ich dein Herz küssen, aber von dir kommen jetzt der Kindergarten Ich gebe mir nicht mimimi https://t.co/LlPceqnqx2'];True
895436763828081_aug;['Herr Todenhöfer meint das! Ich habe ihn in einem Interview mit einem dicken deutschen Verlierer-IS-Typ gesehen. Herr Todenhöfer konnte seine Bewunderung kaum verbergen, ernsthaft dachte ich, er würde vor unterdrückter Begeisterung in seine Hose gehen.'];True
1586_aug;['@ssaccad START WAS NACHTET'];True
1235_aug;['@will-breaker will-breaker du bist ein krank und ekelhaft schräg aus Twitter raus oder ich melde deinen Tweet an die Behörden Sie Nazi'];True
1290_aug;['Du stiehlst hässliche Sats Nutte'];True
1553_aug;['Ricarda Lang du ekelhaft fettes Schwein'];True
1059_aug;['@DuHugonotte @bzberlin @focus_regional Man hört nicht einmal eine jüdische Farz'];True
1384_aug;['DIE KRANKE DRECKSCHWEIN !!!!'];True
1294_aug;['@flouwerii Ne digga are you disabled can you read iwie net ????? Schon mal vom Import-Export gehört Sie zurückgeblieben Stück Dreck Scheiße, wie können Sie so dumm Ich bekomme es Netz'];True
1781_aug;"['""Der Wixxer von Söder gehört dazu, die Eier abzuschneiden, damit sich so ein ekelhaftes Rudel nicht mehr mehr vermehren kann.""']";True
925604187478005_aug;['Johannes Otwin, würden Sie bitte die Produkte Ihres zerebralen Durchfalls woanders hinbringen...'];True
985473014824455_aug;['Geh spielen.FOLLOW.'];True
355_aug;['Irgendwie verständlich, dass Berlusconi diese #Schulz mit einem KZ-Aufseher verglichen hat.'];True
856824927689265_aug;"['Also, ich habe ein Profilbild! Kann ich meinen ""Freath"" jetzt zerreißen? Ich denke, Sie sind ein wenig nutzlos Tastaturheld, der gegen Ostdeutsche im Internet eilen kann und sonst ist eine sehr kleine lächerliche Wurst!']";True
642_aug;['@Individualfallbearb @georgesoros @de_sputnik Hat sich niemand wirklich die Idee dieses Soros ausgedacht ......*censored*?!'];True
1044136628958093_aug;['Warum muss Österreich Merkel fragen? Was ist los? Alles ist definitiv nur der senile angepisste Hosenanzug Merkel??? Was ist diese Diktatur, zum zweiten Mal ein verrückter Führer regiert und jeder beobachtet. Geschichte wiederholt sich aber meist nicht schon nach 70 Jahren.'];True
858061987565559_aug;['Es erinnert an einen stalinistischen politischen Funktionär - sogar an diesen kalten, versengten Look. Eine solche Frau würde auch darauf vertrauen, kleine Kinder zu erschießen.'];True
1177_aug;['@StBrandner Nicht schlecht, aber einfach lat-crack-damish! Aber der intellektuelle Rechts-Sink-Bull-Bull ist sehr gut für Sie! Frei nach dem Motto dumm, dumm, dumm, AFD! Rechts-Flügel ekelhaft dumme Rabble! #FCKNZS #fckafd #AfOut of the Parliaments #afdprohibition now'];True
1055356674502755_aug;['Merkel ist GROSSE SCHANDE IN DEUTSCHLANDS GESCHICHTE und es ist nicht nur eine sehr große BUNDESTAG und FAZILITATION DER VERTRETERTEN URTEILE'];True
1387018993718923264_aug;['@ahmad_omeirate @Prossberg Ja klar der beste Podcast. Wenn ihre Lügen bereits enthüllt worden sind und man immer noch den besten Podcast schreibt, möchte man kanake'];True
858369210868170_aug;['Körper x-Asylanten, so hässliche Deutsche wie Rene'];True
951885771516513_aug;"['Hahahaha, wie dumm musst du sein??? Da siehst du wieder, was Fleischentzug und überdosierte Getreide und grüne Güter in diesen linken Terroristen füttern, deren Schädel gehört zu teilen, so dass ihre Gehirne wieder frische Luft bekommen, die in ihren Köpfen gären muss, soweit ich mich erinnern kann, wird dennoch gelagerte grüne Güter in einem luftdichten Raum mit etwas Feuchtigkeit Silage (Tierfutter) oder produziert?LOOOOL ...Als ich diesen Artikel las, machte ich sofort das Bild des Simpson Nelson in meinem Kopf mit diesen ""südlichen Ländern"" wie diesem Marcel R. von hinten und schrie ihn immer wieder an ""why F... you yourself"" und einem von der Front, der ihn immer wieder anschreit und wieder ""why Blä... you your selbst a"" hahahahaha,Ooooh you can\'t laugh me all only ;)']";True
993569787348111_aug;['Lol, das ist der obere Hammer. Hoffentlich werfen sie den Krämpfe auf den Spiegel.'];True
1134242149947540_aug;['Ich ändere die Straßenseite, wie es geht, wenn es um mich geht.'];True
858085680896523_aug;['Offen für die Welt? Vergesst die Salafisten, Hassprediger, ISIS. Vergesst die Verfolgten, Befleckten, Geschlachteten, ja, offen für die Welt. Der Schutz des jüdischen Volkes, das wir beschützen müssen! Ihr seid nur erbärmliche Heuchler. Ich verachte euch!'];True
856094281095663_aug;['Michael Theben, wie dumm du sein musst, du bist verrückt, geh bitte zum Arzt, du brauchst viele Pillen.'];True
1575_aug;['@DullahBanned @vMaxwellEU @Wairles_ @warperrx @Gorego_ @Bxrisha_ @KostaGoated @vKedd_ @TigerWise @SirMikeXI @vDonQx @xAlbxZz @PhongWoodz Omg bitte hör auf, über Krämpfe zu reden: Ich poste es, weil es eine ganze menschliche Rasse beleidigt. Dann haben andere auch ein Recht zu wissen, was für ein Nazi er ist.'];True
856847761020315_aug;['Mudy Fa bekommt deinen Arsch auf dem Boden Eis. Sogar Scheiße, wenn du dich erwischt fühlst. Jaja ist so als sozialer Schmarotzer!!!!'];True
1794_aug;"['""Nicht wegen der Pension. Längere Arbeit und weniger Urlaub für die ganzen Bunten Parasiten überschwemmen Deutschland für die Bedürfnisse des Staatsgeldes. Wir sollten mehr arbeiten und auf Urlaub verzichten und die Sozialparasiten bekommen alles in den Arsch. Werden Sie noch????????????????????????????????????????????????????????????????????????????????????????????????????????????????????????????????????????????????????????????????????????????????????????????????????????????????????????????????????????????????????']";True
1580_aug;['Sie verdient mehr als Einsamkeit diese Stasiratte'];True
856797194358705_aug;['Mudy Fa: Du Islamo Faschist!'];True
857581637613594_aug;['Wer hat keine Ahnung von der Realität sollte seinen Mund halten, wenig anti-deutsch Philipp Würstchen :D https://www.youtube.com/watch?v=Lnk2DRqUoGQ'];True
612_aug;['@Lexie_M_ @Westminster1000 Face???? Was für ein Gesicht. Er hat nicht mal einen Hals. Bei uns heißt es Wutzecke.'];True
1592_aug;['@BILD Jedes Mal das Gleiche! Rechte Extremisten (oder ihre dummen Sympathisanten) fühlen sich bestätigt, weil linke Extremisten (oder ihre dummen Sympathisanten) auch kriminell sind!'];True
205_aug;['@Jala_varietas @Grals_Hueter Julia hat auch 20 kalte Lötstellen in ihrem Kopf. Sicherlich ein Kind der 68er Jahre. Sorry, aber sie wären besser in der Toilette gewesen.'];True
1640_aug;['Ihre Sättigungen stehlen nichts, weil du dumme Nutte Recht hattest wegen ihrer widerlichen Huren'];True
1011194372252319_aug;['Was haben sie genommen???? Oder sind das die Hormone???'];True
1768_aug;['Die Wahrheit kann sehr weh tun. Sie links Abschaum. Genießen Sie sich und Ihre Linke muss sofort an die Wand gelegt werden. Sie und Ihre Art seit Parasiten. Mensch zu Mensch, Sie vermissen die Eier. Schieben Sie diese Ihre Weisheiten unter Ihre Vorhaut. Hartz IVIer'];True
1597_aug;['@Evelynspringer4 @Wosch94 Linker Abschaum'];True
1396_aug;['@noaIuna kannte immer ihre falsche dumme Hure'];True
1660_aug;['@Artizan06902279 @SLoggen @milliyetci69 @ArminLaschet @DrGilYaron Wenn du stirbst, pisse ich auf deinen Gewand'];True
1010838695621220_aug;['Wie ich diese Drecks hasse, würde Prominente hassen, und so etwas im deutschen Fernsehen. Schande für Deutschland. Joko, Klaas, Schweiger packen alles... In keiner Weise in der Lage, andere Meinungen auszusprechen. Besoders Schweigen über die Penner flippt sofort aus. Keine anständige Diskussion möglich.'];True
1013008112070945_aug;['Und wie ist es, wenn man wie ein Zigeuner aussieht ... :-D Kleiner Witz Eddie ... keine harten Gefühle.'];True
1232_aug;['Martina Gerle Die Staatsangestellten unter NAZI MERKEL UND NAZI STEINMEIER kommen mit zu viel Schrott davon. Das Problem ist oben, man liest es immer öfter, ich weiß nicht, was dort passiert ist, aber: Steinmeier hält nach seinem Instagram-Posten vom Mai 2019 das Grundgesetz für eine Auferlegung, Merkel lobt wiederholt ihre polnische Herkunft und ihre polnischen Vorfahren, ihr Opa war Gestapo-Chefwächter. Dort tun auch die Nazis hinter Lambrecht und dem Bundesverfassungsgericht nichts dagegen. Wir haben es versucht. Hier nach § 20/4 des Grundgesetzes, unveränderlich, und Schulwissen vor Merkel.'];True
972343526137404_aug;['Sind Sie so ein beschissener Linkshänder? Dann halten Sie die Klappe Sie banger :@'];True
1236_aug;['@Coliban Ey nazi du Hursohn. Legen Sie Ihren Kopf in den Mülleimer und zählen so lange wie Sie können, danach sind Sie so eine echte AfD Fehlgeburt. Sie Opfer!'];True
857931797578578_aug;['Jetzt vermisst du Fatima - du bist ein Spacko -'];True
1644_aug;['@milliyetci69 @ArminLaschet @DrGilYaron Geh und scheißt euch Opfer!'];True
855037734534651_aug;['Grammatik bei Yoda hast du gelernt! Was für ein unterbelichtetes Höhlenkind. Und jetzt: GTFO!'];True
1552_aug;['Einfach widerlich die alte Frau'];True
1568_aug;['@Franz_BauerGER Und das ist nicht legal, aber du legst immer noch deine Hand drauf.'];True
1260_aug;['Du bist eine kleine Hure.'];True
1812_aug;"['Hallo ""Schiessen, Schützen, Kontrollieren"", ich habe eine Frage: Wie kommen Nigger und Fledermäuse in ein germanisches Heiligtum, nämlich den deutschen Polizeidienst? Ich finde es gut, dass man so etwas zeigt! - Aber vielleicht bin ich auf dem falschen Dampfer und Ihre Dokumentation ist wieder nur schmutzige jüdische Propaganda für die Unterminierung und Zerstörung der deutschen Nation und der germanischen Bevölkerung. - Zeigen Sie einfach die schmutzigen linksradikalen kommunistischen Sauen, die schmutzigen jüdischen Huren und nicht zuletzt die schmutzigen Juden oder Parasiten selbst, die hinter dieser Nigger-Politik stehen!!! - Deutschland ist kein multiethnischer Staat wie der multiethnische Staat der USA, den die Juden nur in einen tödlichen, kranken, multiethnischen Staat gebracht haben. - Ich als Urdeutscher jedenfalls lebe noch von der Restwürde, die mir geblieben ist, alles andere wurde mir genommen. Und deshalb würde ich lieber sterben als von einem schmutzigen Nigger oder Fledermausenbullen korrigiert werden. Heil Germanien, Heil Donald Trump, Heil Putin Heil!']";True
855025747869183_aug;['Sebastian Nick, du kleiner dummer Junge, hat keine Ahnung vom Leben.Ich möchte eine neue saubere Windel anziehen.Du brauchst sie dringend!'];True
857516214286803_aug;['Claudia Roth ringt durch den Iran, während der Holocaust in Deutschland gedacht wird. Völlig verrückt die alten http://www.bild.de/politik/ausland/iran/claudia-roth-im-iran-39502496.bild.html'];True
641_aug;['@Young_Freedom Ja, sie sehen auch abgemagert aus...vor allem die fetten Oldmaier etwas....'];True
1055527887818967_aug;['Hans-Jürgen Dischereit ist hier der Einzige, der stumpfsinnig ist. Ich fühle mich immer stark in solche dummen und naiven Menschen verknallt.'];True
858054527566305_aug;"[""Oh jûrgen mûnsterlænder schátzchen in Ihrem Profil Ich habe gerade gelesen, wie sehr Sie uns tûrken'! wir tûrken haben solche Nazis, wie Sie gerne beißen!aber nur mit zaziki!!""]";True
1359_aug;['QANON ist eine Jugendorganisation mit Juden, jeder, der lebt und entwickelt, ist ein Juden-Hahn und ein Feen-Germany, wie der Leutnant diesen Judendreck entlarvt hat.'];True
982910071747416_aug;['Nun, Mr. Weidner, arbeiten sie nur auf der persönlichen Spur oder? Ich hätte nicht geglaubt, mehr Griffe zu einem dummen Bürger auch. Und dass sie nicht wissen, wer dies auf dem Foto ich hätte erraten können :D'];True
966892863349137_aug;"['Hartmut Schulz , UPS wieder ein solcher Nazi, der nur Müll von sich gibt. Bachmann und seine Nazi-Truppen sind bereits gezeigt worden. Was braucht man mehr ?? Bachmann - Petry - Festerlin = Nazis !!! Aber bei Hitler war es nicht anders. Wann schreit man "" Bachmann mein Führer"" und Heil Bachmann .... Ihr seid alle verrückt....']";True
982702218434868_aug;['Lisa Sander und Sie? Was sind Sie? Auf jeden Fall nicht sehr nah an Ihrem Oberst???????????????'];True
1111332562238499_aug;['Geschenkgutscheine für Kleidung? Was ist mit den deutschen Familien, die sich um Kleidung bewerben? Sie alle bekommen eine Ablehnung, von der Arge, und solche Kanalratten bekommen wieder alles in ihren islamistischen Arsch... Ist es Zeit, dass die Regierung aufgelöst, oder bombardiert wird... Unglaublich so...'];True
1328_aug;['Sie dumme Arschlöcher schützen die Täter im Hanauer-Fall. Es gab Telefonaufzeichnungen unmittelbar nach der Tat, die zeigen, dass der angebliche Mörder nicht derjenige war, als er erschossen wurde und seine Mutter hätte bestätigen können, dass er zu Hause war. Es gab zwei und mit ausländischem Akzent. Sie sind System, das nicht einmal einen Orgasmus bekommt. Arschlöcher, die hoffentlich von den Hinterbliebenen gefangen werden, die wissen, dass der verdammte Staat das angedeutet hat. Dann erscheint diese hässliche Kuh mit dem Vogelnest quf dem Kopf der Dummheit, die ich eins in den Mund knallen.'];True
1010756935629396_aug;['Jetzt ist Pohlheimer möglich, dass es feindselig gegenüber Menschen ist. Tatsache ist aber, dass der Islam nach Weltherrschaft strebt und für die Unterdrückung all jener steht, die nicht denken, handeln und glauben, wie dieser pädophile Mörder Mohammed fordert getötet zu werden. Ich kann gerne die entsprechenden Suren und Verse posten. Abgeleitet ist, wer glaubt, es gibt einen Konsens zwischen Christen und Muslimen. So Islam ist keine Religion, sondern eine Ideologie und auf der Grundlage des Koran und seine Forderungen eine terroristische Vereinigung. Dies gehört zu verboten und mit ALLE ANGENOMMEN. Wenn Sie das Hintergrundwissen jetzt Leseformen vor allem im Land der Dichter und Denker fehlen.'];True
857518137619944_aug;['Du schimmelst schimmelige Baumwolle, weil du dich angegriffen fühlst? Denke an meine Worte: Pegida geht unter!'];True
1332_aug;['Zurück zu TIKA Tuka Land - sie ist nie eine echte Deutsche. Ein dummer fetter Neger'];True
982704095101347_aug;"['Lisa Sander... schließen Sie Ihren Schritt, nein! Sie haben null Plan des Lebens! Sie schauen auf die linken Marots der ""Ossis"" und beschweren sich über Ossis zur gleichen Zeit. Sie waren auch nicht in der Schule, sonst würden Sie nicht schreiben, so eine kranke Rotze. Was Sie nicht wissen, ist Zusammenhalt! Waldorfschule... und dann aufhören... weil die Hände des Klatschens zu viel weh getan! Dumme Nuss, Sie!']";True
982674521770971_aug;['Du kannst dir nicht mehr dummes Zeug und Blödsinn einfallen lassen? Aber der Name sagt viel !! Du bist schwach !!'];True
